"","gene_id","gene_name","gene_type","logFC","AveExpr","t","P.Value","adj.P.Val"
"14541","ENSG00000248546.3","processed_pseudogene",0.449817926522256,0.0739725408539951,3.47895145072996,0.000284302244388779,0.999999999912779
"14546","ENSG00000201050.1","snRNA",0.380944080200912,0.169836608364135,2.92569531023051,0.00183380737252742,0.999999999912779
